Origem,Destino,Data,Tipo de assento,Preco,Mensagem_rota_indisp,Timestamp_Scraped
Belo Horizonte - Terminal Rodoviário (MG),São Paulo (Rod. Tietê) (SP),24/07/2025,CAMA,R$,,2025-07-24 19:44:54
Belo Horizonte - Terminal Rodoviário (MG),São Paulo (Rod. Tietê) (SP),24/07/2025,SEMILEITO PREMIUM,"R$353,44",,2025-07-24 19:44:54
Belo Horizonte - Terminal Rodoviário (MG),São Paulo (Rod. Tietê) (SP),24/07/2025,SEMILEITO PREMIUM,"R$353,44",,2025-07-24 19:44:54
Belo Horizonte - Terminal Rodoviário (MG),São Paulo (Rod. Tietê) (SP),24/07/2025,CAMA,R$,,2025-07-24 19:44:54
Belo Horizonte - Terminal Rodoviário (MG),São Paulo (Rod. Tietê) (SP),24/07/2025,CAMA,R$,,2025-07-24 19:44:54
Belo Horizonte - Terminal Rodoviário (MG),São Paulo (Rod. Tietê) (SP),24/07/2025,SEMILEITO PREMIUM,"R$338,51",,2025-07-24 19:44:54
Belo Horizonte - Terminal Rodoviário (MG),São Paulo (Rod. Tietê) (SP),24/07/2025,CAMA,R$,,2025-07-24 19:44:54
Belo Horizonte - Terminal Rodoviário (MG),São Paulo (Rod. Tietê) (SP),24/07/2025,SEMILEITO PREMIUM,"R$308,51",,2025-07-24 19:44:54
Belo Horizonte - Terminal Rodoviário (MG),São Paulo (Rod. Tietê) (SP),24/07/2025,SEMILEITO PREMIUM,"R$308,51",,2025-07-24 19:44:54
Belo Horizonte - Terminal Rodoviário (MG),São Paulo (Rod. Tietê) (SP),24/07/2025,CAMA,R$,,2025-07-24 19:44:54
Belo Horizonte - Terminal Rodoviário (MG),São Paulo (Rod. Tietê) (SP),25/07/2025,CAMA,"R$478,19",,2025-07-24 19:45:04
Belo Horizonte - Terminal Rodoviário (MG),São Paulo (Rod. Tietê) (SP),25/07/2025,SEMILEITO PREMIUM,"R$303,51",,2025-07-24 19:45:04
Belo Horizonte - Terminal Rodoviário (MG),São Paulo (Rod. Tietê) (SP),25/07/2025,CAMA,"R$438,24",,2025-07-24 19:45:04
Belo Horizonte - Terminal Rodoviário (MG),São Paulo (Rod. Tietê) (SP),25/07/2025,SEMILEITO PREMIUM,"R$313,51",,2025-07-24 19:45:04
Belo Horizonte - Terminal Rodoviário (MG),São Paulo (Rod. Tietê) (SP),25/07/2025,SEMILEITO PREMIUM,"R$293,51",,2025-07-24 19:45:04
Belo Horizonte - Terminal Rodoviário (MG),São Paulo (Rod. Tietê) (SP),25/07/2025,CAMA,"R$468,24",,2025-07-24 19:45:04
Belo Horizonte - Terminal Rodoviário (MG),São Paulo (Rod. Tietê) (SP),25/07/2025,CAMA,"R$388,49",,2025-07-24 19:45:04
Belo Horizonte - Terminal Rodoviário (MG),São Paulo (Rod. Tietê) (SP),25/07/2025,SEMILEITO PREMIUM,"R$308,59",,2025-07-24 19:45:04
Belo Horizonte - Terminal Rodoviário (MG),São Paulo (Rod. Tietê) (SP),25/07/2025,EXECUTIVO,"R$298,69",,2025-07-24 19:45:04
Belo Horizonte - Terminal Rodoviário (MG),São Paulo (Rod. Tietê) (SP),25/07/2025,CAMA,R$,,2025-07-24 19:45:04
Belo Horizonte - Terminal Rodoviário (MG),São Paulo (Rod. Tietê) (SP),25/07/2025,SEMILEITO PREMIUM,"R$408,51",,2025-07-24 19:45:04
Belo Horizonte - Terminal Rodoviário (MG),São Paulo (Rod. Tietê) (SP),25/07/2025,CONVENCIONAL,R$,,2025-07-24 19:45:04
Belo Horizonte - Terminal Rodoviário (MG),São Paulo (Rod. Tietê) (SP),25/07/2025,EXECUTIVO,"R$353,61",,2025-07-24 19:45:04
Belo Horizonte - Terminal Rodoviário (MG),São Paulo (Rod. Tietê) (SP),25/07/2025,CAMA,"R$518,29",,2025-07-24 19:45:04
Belo Horizonte - Terminal Rodoviário (MG),São Paulo (Rod. Tietê) (SP),25/07/2025,SEMILEITO PREMIUM,"R$408,51",,2025-07-24 19:45:04
Belo Horizonte - Terminal Rodoviário (MG),São Paulo (Rod. Tietê) (SP),25/07/2025,CAMA,R$,,2025-07-24 19:45:04
Belo Horizonte - Terminal Rodoviário (MG),São Paulo (Rod. Tietê) (SP),25/07/2025,SEMILEITO PREMIUM,"R$378,51",,2025-07-24 19:45:04
Belo Horizonte - Terminal Rodoviário (MG),São Paulo (Rod. Tietê) (SP),25/07/2025,CAMA,R$,,2025-07-24 19:45:04
Belo Horizonte - Terminal Rodoviário (MG),São Paulo (Rod. Tietê) (SP),25/07/2025,SEMILEITO PREMIUM,"R$408,51",,2025-07-24 19:45:04
Belo Horizonte - Terminal Rodoviário (MG),São Paulo (Rod. Tietê) (SP),25/07/2025,SEMILEITO PREMIUM,"R$373,51",,2025-07-24 19:45:04
Belo Horizonte - Terminal Rodoviário (MG),São Paulo (Rod. Tietê) (SP),25/07/2025,CAMA,"R$518,29",,2025-07-24 19:45:04
Belo Horizonte - Terminal Rodoviário (MG),São Paulo (Rod. Tietê) (SP),26/07/2025,SEMILEITO PREMIUM,"R$293,51",,2025-07-24 19:45:08
Belo Horizonte - Terminal Rodoviário (MG),São Paulo (Rod. Tietê) (SP),26/07/2025,CAMA,"R$448,19",,2025-07-24 19:45:08
Belo Horizonte - Terminal Rodoviário (MG),São Paulo (Rod. Tietê) (SP),26/07/2025,CAMA,"R$438,24",,2025-07-24 19:45:08
Belo Horizonte - Terminal Rodoviário (MG),São Paulo (Rod. Tietê) (SP),26/07/2025,SEMILEITO PREMIUM,"R$303,51",,2025-07-24 19:45:08
Belo Horizonte - Terminal Rodoviário (MG),São Paulo (Rod. Tietê) (SP),26/07/2025,CAMA,"R$468,24",,2025-07-24 19:45:08
Belo Horizonte - Terminal Rodoviário (MG),São Paulo (Rod. Tietê) (SP),26/07/2025,CONV. DD,"R$283,61",,2025-07-24 19:45:08
Belo Horizonte - Terminal Rodoviário (MG),São Paulo (Rod. Tietê) (SP),26/07/2025,CONVENCIONAL,"R$248,79",,2025-07-24 19:45:08
Belo Horizonte - Terminal Rodoviário (MG),São Paulo (Rod. Tietê) (SP),26/07/2025,CAMA,"R$498,23",,2025-07-24 19:45:08
Belo Horizonte - Terminal Rodoviário (MG),São Paulo (Rod. Tietê) (SP),26/07/2025,SEMILEITO PREMIUM,"R$308,51",,2025-07-24 19:45:08
Belo Horizonte - Terminal Rodoviário (MG),São Paulo (Rod. Tietê) (SP),26/07/2025,CAMA,"R$488,29",,2025-07-24 19:45:08
Belo Horizonte - Terminal Rodoviário (MG),São Paulo (Rod. Tietê) (SP),26/07/2025,SEMILEITO PREMIUM,"R$303,51",,2025-07-24 19:45:08
Belo Horizonte - Terminal Rodoviário (MG),São Paulo (Rod. Tietê) (SP),26/07/2025,CAMA,"R$468,29",,2025-07-24 19:45:08
Belo Horizonte - Terminal Rodoviário (MG),São Paulo (Rod. Tietê) (SP),26/07/2025,SEMILEITO PREMIUM,"R$303,51",,2025-07-24 19:45:08
Belo Horizonte - Terminal Rodoviário (MG),São Paulo (Rod. Tietê) (SP),26/07/2025,SEMILEITO PREMIUM,"R$308,51",,2025-07-24 19:45:08
Belo Horizonte - Terminal Rodoviário (MG),São Paulo (Rod. Tietê) (SP),26/07/2025,CAMA,"R$468,29",,2025-07-24 19:45:08
Belo Horizonte - Terminal Rodoviário (MG),São Paulo (Rod. Tietê) (SP),26/07/2025,SEMILEITO PREMIUM,"R$303,51",,2025-07-24 19:45:08
Belo Horizonte - Terminal Rodoviário (MG),São Paulo (Rod. Tietê) (SP),26/07/2025,CAMA,"R$428,29",,2025-07-24 19:45:08
Ribeirão Preto (SP),São Paulo (Rod. Tietê) (SP),24/07/2025,,R$,,2025-07-24 19:45:41
Ribeirão Preto (SP),São Paulo (Rod. Tietê) (SP),24/07/2025,,R$,,2025-07-24 19:45:41
Ribeirão Preto (SP),São Paulo (Rod. Tietê) (SP),24/07/2025,,R$,,2025-07-24 19:45:41
Ribeirão Preto (SP),São Paulo (Rod. Tietê) (SP),25/07/2025,CONV. DD,"R$165,86",,2025-07-24 19:45:47
Ribeirão Preto (SP),São Paulo (Rod. Tietê) (SP),25/07/2025,CAMA,R$,,2025-07-24 19:45:47
Ribeirão Preto (SP),São Paulo (Rod. Tietê) (SP),25/07/2025,Convencional,"R$122,55",,2025-07-24 19:45:47
Ribeirão Preto (SP),São Paulo (Rod. Tietê) (SP),25/07/2025,CONVENCIONAL,"R$119,19",,2025-07-24 19:45:47
Ribeirão Preto (SP),São Paulo (Rod. Tietê) (SP),25/07/2025,Convencional,"R$122,55",,2025-07-24 19:45:47
Ribeirão Preto (SP),São Paulo (Rod. Tietê) (SP),25/07/2025,CONV. DD,"R$165,86",,2025-07-24 19:45:47
Ribeirão Preto (SP),São Paulo (Rod. Tietê) (SP),25/07/2025,CAMA,R$,,2025-07-24 19:45:47
Ribeirão Preto (SP),São Paulo (Rod. Tietê) (SP),25/07/2025,Convencional,"R$122,55",,2025-07-24 19:45:47
Ribeirão Preto (SP),São Paulo (Rod. Tietê) (SP),25/07/2025,CAMA,"R$218,99",,2025-07-24 19:45:47
Ribeirão Preto (SP),São Paulo (Rod. Tietê) (SP),25/07/2025,EXEC. DD,"R$169,99",,2025-07-24 19:45:47
Ribeirão Preto (SP),São Paulo (Rod. Tietê) (SP),25/07/2025,Convencional,"R$122,55",,2025-07-24 19:45:47
Ribeirão Preto (SP),São Paulo (Rod. Tietê) (SP),25/07/2025,CAMA,"R$218,99",,2025-07-24 19:45:47
Ribeirão Preto (SP),São Paulo (Rod. Tietê) (SP),25/07/2025,EXEC. DD,"R$169,99",,2025-07-24 19:45:48
Ribeirão Preto (SP),São Paulo (Rod. Tietê) (SP),25/07/2025,Convencional,"R$122,55",,2025-07-24 19:45:48
Ribeirão Preto (SP),São Paulo (Rod. Tietê) (SP),25/07/2025,EXEC. DD,"R$169,99",,2025-07-24 19:45:48
Ribeirão Preto (SP),São Paulo (Rod. Tietê) (SP),25/07/2025,CONV. DD,"R$165,86",,2025-07-24 19:45:48
Ribeirão Preto (SP),São Paulo (Rod. Tietê) (SP),25/07/2025,Convencional,"R$122,55",,2025-07-24 19:45:48
Ribeirão Preto (SP),São Paulo (Rod. Tietê) (SP),25/07/2025,CAMA - VAI DIRETO,R$,,2025-07-24 19:45:48
Ribeirão Preto (SP),São Paulo (Rod. Tietê) (SP),25/07/2025,EXEC. DD - VAI DIRETO,"R$151,94",,2025-07-24 19:45:48
Ribeirão Preto (SP),São Paulo (Rod. Tietê) (SP),25/07/2025,Convencional,"R$122,55",,2025-07-24 19:45:48
Ribeirão Preto (SP),São Paulo (Rod. Tietê) (SP),25/07/2025,EXEC. DD,"R$169,99",,2025-07-24 19:45:48
Ribeirão Preto (SP),São Paulo (Rod. Tietê) (SP),25/07/2025,CAMA,R$,,2025-07-24 19:45:48
Ribeirão Preto (SP),São Paulo (Rod. Tietê) (SP),26/07/2025,Convencional,"R$122,55",,2025-07-24 19:45:51
Ribeirão Preto (SP),São Paulo (Rod. Tietê) (SP),26/07/2025,CAMA,R$,,2025-07-24 19:45:51
Ribeirão Preto (SP),São Paulo (Rod. Tietê) (SP),26/07/2025,EXEC. DD,"R$169,99",,2025-07-24 19:45:51
Ribeirão Preto (SP),São Paulo (Rod. Tietê) (SP),26/07/2025,Convencional,"R$122,55",,2025-07-24 19:45:51
Ribeirão Preto (SP),São Paulo (Rod. Tietê) (SP),26/07/2025,Convencional,"R$122,55",,2025-07-24 19:45:51
Ribeirão Preto (SP),São Paulo (Rod. Tietê) (SP),26/07/2025,CAMA,"R$218,99",,2025-07-24 19:45:51
Ribeirão Preto (SP),São Paulo (Rod. Tietê) (SP),26/07/2025,CONV. DD,"R$165,86",,2025-07-24 19:45:51
Ribeirão Preto (SP),São Paulo (Rod. Tietê) (SP),26/07/2025,Convencional,"R$122,55",,2025-07-24 19:45:51
Ribeirão Preto (SP),São Paulo (Rod. Tietê) (SP),26/07/2025,CAMA,"R$218,99",,2025-07-24 19:45:51
Ribeirão Preto (SP),São Paulo (Rod. Tietê) (SP),26/07/2025,CONV. DD,"R$165,86",,2025-07-24 19:45:51
Ribeirão Preto (SP),São Paulo (Rod. Tietê) (SP),26/07/2025,Convencional,"R$122,55",,2025-07-24 19:45:51
Ribeirão Preto (SP),São Paulo (Rod. Tietê) (SP),26/07/2025,CONV. DD,"R$165,86",,2025-07-24 19:45:51
Ribeirão Preto (SP),São Paulo (Rod. Tietê) (SP),26/07/2025,CAMA,"R$218,99",,2025-07-24 19:45:51
Ribeirão Preto (SP),São Paulo (Rod. Tietê) (SP),26/07/2025,Convencional,"R$122,55",,2025-07-24 19:45:51
Ribeirão Preto (SP),São Paulo (Rod. Tietê) (SP),26/07/2025,EXEC. DD,"R$169,99",,2025-07-24 19:45:51
Ribeirão Preto (SP),São Paulo (Rod. Tietê) (SP),26/07/2025,CONV. DD,"R$165,86",,2025-07-24 19:45:51
Ribeirão Preto (SP),São Paulo (Rod. Tietê) (SP),26/07/2025,Convencional,"R$122,55",,2025-07-24 19:45:51
Ribeirão Preto (SP),São Paulo (Rod. Tietê) (SP),26/07/2025,CONV. DD - VAI DIRETO,"R$120,64",,2025-07-24 19:45:51
Ribeirão Preto (SP),São Paulo (Rod. Tietê) (SP),26/07/2025,CAMA - VAI DIRETO,"R$218,20",,2025-07-24 19:45:51
Ribeirão Preto (SP),São Paulo (Rod. Tietê) (SP),26/07/2025,Convencional,"R$122,55",,2025-07-24 19:45:51
Ribeirão Preto (SP),São Paulo (Rod. Tietê) (SP),26/07/2025,CONV. DD,"R$165,86",,2025-07-24 19:45:51
Ribeirão Preto (SP),São Paulo (Rod. Tietê) (SP),26/07/2025,CAMA,"R$218,99",,2025-07-24 19:45:51
Rio de Janeiro (Novo Rio) (RJ),Belo Horizonte - Terminal Rodoviário (MG),24/07/2025,CONVENCIONAL,"R$299,02",,2025-07-24 19:46:25
Rio de Janeiro (Novo Rio) (RJ),Belo Horizonte - Terminal Rodoviário (MG),24/07/2025,CAMA,"R$468,68",,2025-07-24 19:46:26
Rio de Janeiro (Novo Rio) (RJ),Belo Horizonte - Terminal Rodoviário (MG),24/07/2025,SEMILEITO PREMIUM,"R$308,98",,2025-07-24 19:46:26
Rio de Janeiro (Novo Rio) (RJ),Belo Horizonte - Terminal Rodoviário (MG),24/07/2025,EXECUTIVO,"R$299,02",,2025-07-24 19:46:26
Rio de Janeiro (Novo Rio) (RJ),Belo Horizonte - Terminal Rodoviário (MG),24/07/2025,CAMA,R$,,2025-07-24 19:46:26
Rio de Janeiro (Novo Rio) (RJ),Belo Horizonte - Terminal Rodoviário (MG),24/07/2025,SEMILEITO PREMIUM,"R$308,98",,2025-07-24 19:46:26
Rio de Janeiro (Novo Rio) (RJ),Belo Horizonte - Terminal Rodoviário (MG),24/07/2025,CAMA,"R$468,68",,2025-07-24 19:46:26
Rio de Janeiro (Novo Rio) (RJ),Belo Horizonte - Terminal Rodoviário (MG),24/07/2025,SEMILEITO PREMIUM,"R$308,98",,2025-07-24 19:46:26
Rio de Janeiro (Novo Rio) (RJ),Belo Horizonte - Terminal Rodoviário (MG),25/07/2025,SEMILEITO PREMIUM,"R$243,85",,2025-07-24 19:46:33
Rio de Janeiro (Novo Rio) (RJ),Belo Horizonte - Terminal Rodoviário (MG),25/07/2025,CAMA,"R$418,68",,2025-07-24 19:46:33
Rio de Janeiro (Novo Rio) (RJ),Belo Horizonte - Terminal Rodoviário (MG),25/07/2025,CONVENCIONAL,"R$233,90",,2025-07-24 19:46:33
Rio de Janeiro (Novo Rio) (RJ),Belo Horizonte - Terminal Rodoviário (MG),25/07/2025,CAMA,"R$508,68",,2025-07-24 19:46:33
Rio de Janeiro (Novo Rio) (RJ),Belo Horizonte - Terminal Rodoviário (MG),25/07/2025,SEMILEITO PREMIUM,"R$243,85",,2025-07-24 19:46:33
Rio de Janeiro (Novo Rio) (RJ),Belo Horizonte - Terminal Rodoviário (MG),25/07/2025,EXECUTIVO,"R$233,90",,2025-07-24 19:46:33
Rio de Janeiro (Novo Rio) (RJ),Belo Horizonte - Terminal Rodoviário (MG),25/07/2025,EXECUTIVO,"R$233,90",,2025-07-24 19:46:33
Rio de Janeiro (Novo Rio) (RJ),Belo Horizonte - Terminal Rodoviário (MG),25/07/2025,SEMILEITO PREMIUM,"R$243,85",,2025-07-24 19:46:33
Rio de Janeiro (Novo Rio) (RJ),Belo Horizonte - Terminal Rodoviário (MG),25/07/2025,CAMA,"R$378,68",,2025-07-24 19:46:33
Rio de Janeiro (Novo Rio) (RJ),Belo Horizonte - Terminal Rodoviário (MG),25/07/2025,EXECUTIVO,"R$233,90",,2025-07-24 19:46:33
Rio de Janeiro (Novo Rio) (RJ),Belo Horizonte - Terminal Rodoviário (MG),25/07/2025,CAMA,"R$508,68",,2025-07-24 19:46:33
Rio de Janeiro (Novo Rio) (RJ),Belo Horizonte - Terminal Rodoviário (MG),25/07/2025,SEMILEITO PREMIUM,"R$243,85",,2025-07-24 19:46:33
Rio de Janeiro (Novo Rio) (RJ),Belo Horizonte - Terminal Rodoviário (MG),25/07/2025,CAMA,"R$528,68",,2025-07-24 19:46:33
Rio de Janeiro (Novo Rio) (RJ),Belo Horizonte - Terminal Rodoviário (MG),25/07/2025,SEMILEITO PREMIUM,"R$243,85",,2025-07-24 19:46:33
Rio de Janeiro (Novo Rio) (RJ),Belo Horizonte - Terminal Rodoviário (MG),26/07/2025,SEMILEITO PREMIUM,"R$209,38",,2025-07-24 19:46:37
Rio de Janeiro (Novo Rio) (RJ),Belo Horizonte - Terminal Rodoviário (MG),26/07/2025,CAMA,"R$438,68",,2025-07-24 19:46:37
Rio de Janeiro (Novo Rio) (RJ),Belo Horizonte - Terminal Rodoviário (MG),26/07/2025,CAMA,"R$358,68",,2025-07-24 19:46:37
Rio de Janeiro (Novo Rio) (RJ),Belo Horizonte - Terminal Rodoviário (MG),26/07/2025,CONV. DD,"R$209,38",,2025-07-24 19:46:37
Rio de Janeiro (Novo Rio) (RJ),Belo Horizonte - Terminal Rodoviário (MG),26/07/2025,CAMA,"R$468,68",,2025-07-24 19:46:37
Rio de Janeiro (Novo Rio) (RJ),Belo Horizonte - Terminal Rodoviário (MG),26/07/2025,SEMILEITO PREMIUM,"R$269,08",,2025-07-24 19:46:37
Rio de Janeiro (Novo Rio) (RJ),Belo Horizonte - Terminal Rodoviário (MG),26/07/2025,CAMA,R$,,2025-07-24 19:46:37
Rio de Janeiro (Novo Rio) (RJ),Belo Horizonte - Terminal Rodoviário (MG),26/07/2025,CONV. DD,"R$269,08",,2025-07-24 19:46:37
Rio de Janeiro (Novo Rio) (RJ),Belo Horizonte - Terminal Rodoviário (MG),26/07/2025,SEMILEITO PREMIUM,"R$269,08",,2025-07-24 19:46:37
Rio de Janeiro (Novo Rio) (RJ),Belo Horizonte - Terminal Rodoviário (MG),26/07/2025,CAMA,"R$468,68",,2025-07-24 19:46:37
