Origem,Destino,Data,Tipo de assento,Preco,Mensagem_rota_indisp,Distance,Duration,Timestamp_Scraped
Belo Horizonte - Terminal Rodoviário (MG),São Paulo (Rod. Tietê) (SP),24/07/2025,CAMA,R$,,487 km,09:36,2025-07-24 19:49:01
Belo Horizonte - Terminal Rodoviário (MG),São Paulo (Rod. Tietê) (SP),24/07/2025,SEMILEITO PREMIUM,"R$353,44",,487 km,09:36,2025-07-24 19:49:01
Belo Horizonte - Terminal Rodoviário (MG),São Paulo (Rod. Tietê) (SP),24/07/2025,SEMILEITO PREMIUM,"R$353,44",,487 km,09:36,2025-07-24 19:49:01
Belo Horizonte - Terminal Rodoviário (MG),São Paulo (Rod. Tietê) (SP),24/07/2025,CAMA,R$,,487 km,09:36,2025-07-24 19:49:02
Belo Horizonte - Terminal Rodoviário (MG),São Paulo (Rod. Tietê) (SP),24/07/2025,CAMA,R$,,487 km,09:36,2025-07-24 19:49:02
Belo Horizonte - Terminal Rodoviário (MG),São Paulo (Rod. Tietê) (SP),24/07/2025,SEMILEITO PREMIUM,"R$338,51",,487 km,09:36,2025-07-24 19:49:02
Belo Horizonte - Terminal Rodoviário (MG),São Paulo (Rod. Tietê) (SP),24/07/2025,CAMA,R$,,487 km,09:36,2025-07-24 19:49:02
Belo Horizonte - Terminal Rodoviário (MG),São Paulo (Rod. Tietê) (SP),24/07/2025,SEMILEITO PREMIUM,"R$308,51",,487 km,09:36,2025-07-24 19:49:02
Belo Horizonte - Terminal Rodoviário (MG),São Paulo (Rod. Tietê) (SP),24/07/2025,SEMILEITO PREMIUM,"R$308,51",,487 km,09:36,2025-07-24 19:49:03
Belo Horizonte - Terminal Rodoviário (MG),São Paulo (Rod. Tietê) (SP),24/07/2025,CAMA,R$,,487 km,09:36,2025-07-24 19:49:03
Belo Horizonte - Terminal Rodoviário (MG),São Paulo (Rod. Tietê) (SP),25/07/2025,CAMA,"R$478,19",,487 km,09:36,2025-07-24 19:49:03
Belo Horizonte - Terminal Rodoviário (MG),São Paulo (Rod. Tietê) (SP),25/07/2025,SEMILEITO PREMIUM,"R$303,51",,487 km,09:36,2025-07-24 19:49:03
Belo Horizonte - Terminal Rodoviário (MG),São Paulo (Rod. Tietê) (SP),25/07/2025,CAMA,"R$438,24",,487 km,09:36,2025-07-24 19:49:04
Belo Horizonte - Terminal Rodoviário (MG),São Paulo (Rod. Tietê) (SP),25/07/2025,SEMILEITO PREMIUM,"R$313,51",,487 km,09:36,2025-07-24 19:49:04
Belo Horizonte - Terminal Rodoviário (MG),São Paulo (Rod. Tietê) (SP),25/07/2025,SEMILEITO PREMIUM,"R$293,51",,487 km,09:36,2025-07-24 19:49:04
Belo Horizonte - Terminal Rodoviário (MG),São Paulo (Rod. Tietê) (SP),25/07/2025,CAMA,"R$468,24",,487 km,09:36,2025-07-24 19:49:05
Belo Horizonte - Terminal Rodoviário (MG),São Paulo (Rod. Tietê) (SP),25/07/2025,CAMA,"R$388,49",,487 km,09:36,2025-07-24 19:49:05
Belo Horizonte - Terminal Rodoviário (MG),São Paulo (Rod. Tietê) (SP),25/07/2025,SEMILEITO PREMIUM,"R$308,59",,487 km,09:36,2025-07-24 19:49:05
Belo Horizonte - Terminal Rodoviário (MG),São Paulo (Rod. Tietê) (SP),25/07/2025,EXECUTIVO,"R$298,69",,487 km,09:36,2025-07-24 19:49:06
Belo Horizonte - Terminal Rodoviário (MG),São Paulo (Rod. Tietê) (SP),25/07/2025,CAMA,R$,,487 km,09:36,2025-07-24 19:49:06
Belo Horizonte - Terminal Rodoviário (MG),São Paulo (Rod. Tietê) (SP),25/07/2025,SEMILEITO PREMIUM,"R$408,51",,487 km,09:36,2025-07-24 19:49:06
Belo Horizonte - Terminal Rodoviário (MG),São Paulo (Rod. Tietê) (SP),25/07/2025,CONVENCIONAL,R$,,487 km,09:36,2025-07-24 19:49:07
Belo Horizonte - Terminal Rodoviário (MG),São Paulo (Rod. Tietê) (SP),25/07/2025,EXECUTIVO,"R$353,61",,487 km,09:36,2025-07-24 19:49:07
Belo Horizonte - Terminal Rodoviário (MG),São Paulo (Rod. Tietê) (SP),25/07/2025,CAMA,"R$518,29",,487 km,09:36,2025-07-24 19:49:07
Belo Horizonte - Terminal Rodoviário (MG),São Paulo (Rod. Tietê) (SP),25/07/2025,SEMILEITO PREMIUM,"R$408,51",,487 km,09:36,2025-07-24 19:49:07
Belo Horizonte - Terminal Rodoviário (MG),São Paulo (Rod. Tietê) (SP),25/07/2025,CAMA,R$,,487 km,09:36,2025-07-24 19:49:07
Belo Horizonte - Terminal Rodoviário (MG),São Paulo (Rod. Tietê) (SP),25/07/2025,SEMILEITO PREMIUM,"R$378,51",,487 km,09:36,2025-07-24 19:49:08
Belo Horizonte - Terminal Rodoviário (MG),São Paulo (Rod. Tietê) (SP),25/07/2025,CAMA,R$,,487 km,09:36,2025-07-24 19:49:08
Belo Horizonte - Terminal Rodoviário (MG),São Paulo (Rod. Tietê) (SP),25/07/2025,SEMILEITO PREMIUM,"R$408,51",,487 km,09:36,2025-07-24 19:49:08
Belo Horizonte - Terminal Rodoviário (MG),São Paulo (Rod. Tietê) (SP),25/07/2025,SEMILEITO PREMIUM,"R$373,51",,487 km,09:36,2025-07-24 19:49:09
Belo Horizonte - Terminal Rodoviário (MG),São Paulo (Rod. Tietê) (SP),25/07/2025,CAMA,"R$518,29",,487 km,09:36,2025-07-24 19:49:09
Belo Horizonte - Terminal Rodoviário (MG),São Paulo (Rod. Tietê) (SP),26/07/2025,SEMILEITO PREMIUM,"R$293,51",,487 km,09:36,2025-07-24 19:49:09
Belo Horizonte - Terminal Rodoviário (MG),São Paulo (Rod. Tietê) (SP),26/07/2025,CAMA,"R$448,19",,487 km,09:36,2025-07-24 19:49:09
Belo Horizonte - Terminal Rodoviário (MG),São Paulo (Rod. Tietê) (SP),26/07/2025,CAMA,"R$438,24",,487 km,09:36,2025-07-24 19:49:10
Belo Horizonte - Terminal Rodoviário (MG),São Paulo (Rod. Tietê) (SP),26/07/2025,SEMILEITO PREMIUM,"R$303,51",,487 km,09:36,2025-07-24 19:49:10
Belo Horizonte - Terminal Rodoviário (MG),São Paulo (Rod. Tietê) (SP),26/07/2025,CAMA,"R$468,24",,487 km,09:36,2025-07-24 19:49:10
Belo Horizonte - Terminal Rodoviário (MG),São Paulo (Rod. Tietê) (SP),26/07/2025,CONV. DD,"R$283,61",,487 km,09:36,2025-07-24 19:49:10
Belo Horizonte - Terminal Rodoviário (MG),São Paulo (Rod. Tietê) (SP),26/07/2025,CONVENCIONAL,"R$248,79",,487 km,09:36,2025-07-24 19:49:10
Belo Horizonte - Terminal Rodoviário (MG),São Paulo (Rod. Tietê) (SP),26/07/2025,CAMA,"R$498,23",,487 km,09:36,2025-07-24 19:49:11
Belo Horizonte - Terminal Rodoviário (MG),São Paulo (Rod. Tietê) (SP),26/07/2025,SEMILEITO PREMIUM,"R$308,51",,487 km,09:36,2025-07-24 19:49:11
Belo Horizonte - Terminal Rodoviário (MG),São Paulo (Rod. Tietê) (SP),26/07/2025,CAMA,"R$488,29",,487 km,09:36,2025-07-24 19:49:11
Belo Horizonte - Terminal Rodoviário (MG),São Paulo (Rod. Tietê) (SP),26/07/2025,SEMILEITO PREMIUM,"R$303,51",,487 km,09:36,2025-07-24 19:49:12
Belo Horizonte - Terminal Rodoviário (MG),São Paulo (Rod. Tietê) (SP),26/07/2025,CAMA,"R$468,29",,487 km,09:36,2025-07-24 19:49:12
Belo Horizonte - Terminal Rodoviário (MG),São Paulo (Rod. Tietê) (SP),26/07/2025,SEMILEITO PREMIUM,"R$303,51",,487 km,09:36,2025-07-24 19:49:12
Belo Horizonte - Terminal Rodoviário (MG),São Paulo (Rod. Tietê) (SP),26/07/2025,SEMILEITO PREMIUM,"R$308,51",,487 km,09:36,2025-07-24 19:49:12
Belo Horizonte - Terminal Rodoviário (MG),São Paulo (Rod. Tietê) (SP),26/07/2025,CAMA,"R$468,29",,487 km,09:36,2025-07-24 19:49:12
Belo Horizonte - Terminal Rodoviário (MG),São Paulo (Rod. Tietê) (SP),26/07/2025,SEMILEITO PREMIUM,"R$303,51",,487 km,09:36,2025-07-24 19:49:13
Belo Horizonte - Terminal Rodoviário (MG),São Paulo (Rod. Tietê) (SP),26/07/2025,CAMA,"R$428,29",,487 km,09:36,2025-07-24 19:49:13
Ribeirão Preto (SP),São Paulo (Rod. Tietê) (SP),24/07/2025,,R$,,314 km,05:06,2025-07-24 19:49:13
Ribeirão Preto (SP),São Paulo (Rod. Tietê) (SP),24/07/2025,,R$,,314 km,05:06,2025-07-24 19:49:13
Ribeirão Preto (SP),São Paulo (Rod. Tietê) (SP),24/07/2025,,R$,,314 km,05:06,2025-07-24 19:49:14
Ribeirão Preto (SP),São Paulo (Rod. Tietê) (SP),25/07/2025,CONV. DD,"R$165,86",,314 km,05:06,2025-07-24 19:49:14
Ribeirão Preto (SP),São Paulo (Rod. Tietê) (SP),25/07/2025,CAMA,R$,,314 km,05:06,2025-07-24 19:49:14
Ribeirão Preto (SP),São Paulo (Rod. Tietê) (SP),25/07/2025,Convencional,"R$122,55",,314 km,05:06,2025-07-24 19:49:14
Ribeirão Preto (SP),São Paulo (Rod. Tietê) (SP),25/07/2025,CONVENCIONAL,"R$119,19",,314 km,05:06,2025-07-24 19:49:15
Ribeirão Preto (SP),São Paulo (Rod. Tietê) (SP),25/07/2025,Convencional,"R$122,55",,314 km,05:06,2025-07-24 19:49:15
Ribeirão Preto (SP),São Paulo (Rod. Tietê) (SP),25/07/2025,CONV. DD,"R$165,86",,314 km,05:06,2025-07-24 19:49:15
Ribeirão Preto (SP),São Paulo (Rod. Tietê) (SP),25/07/2025,CAMA,R$,,314 km,05:06,2025-07-24 19:49:15
Ribeirão Preto (SP),São Paulo (Rod. Tietê) (SP),25/07/2025,Convencional,"R$122,55",,314 km,05:06,2025-07-24 19:49:15
Ribeirão Preto (SP),São Paulo (Rod. Tietê) (SP),25/07/2025,CAMA,"R$218,99",,314 km,05:06,2025-07-24 19:49:16
Ribeirão Preto (SP),São Paulo (Rod. Tietê) (SP),25/07/2025,EXEC. DD,"R$169,99",,314 km,05:06,2025-07-24 19:49:16
Ribeirão Preto (SP),São Paulo (Rod. Tietê) (SP),25/07/2025,Convencional,"R$122,55",,314 km,05:06,2025-07-24 19:49:16
Ribeirão Preto (SP),São Paulo (Rod. Tietê) (SP),25/07/2025,CAMA,"R$218,99",,314 km,05:06,2025-07-24 19:49:16
Ribeirão Preto (SP),São Paulo (Rod. Tietê) (SP),25/07/2025,EXEC. DD,"R$169,99",,314 km,05:06,2025-07-24 19:49:17
Ribeirão Preto (SP),São Paulo (Rod. Tietê) (SP),25/07/2025,Convencional,"R$122,55",,314 km,05:06,2025-07-24 19:49:17
Ribeirão Preto (SP),São Paulo (Rod. Tietê) (SP),25/07/2025,EXEC. DD,"R$169,99",,314 km,05:06,2025-07-24 19:49:17
Ribeirão Preto (SP),São Paulo (Rod. Tietê) (SP),25/07/2025,CONV. DD,"R$165,86",,314 km,05:06,2025-07-24 19:49:17
Ribeirão Preto (SP),São Paulo (Rod. Tietê) (SP),25/07/2025,Convencional,"R$122,55",,314 km,05:06,2025-07-24 19:49:18
Ribeirão Preto (SP),São Paulo (Rod. Tietê) (SP),25/07/2025,CAMA - VAI DIRETO,R$,,314 km,05:06,2025-07-24 19:49:18
Ribeirão Preto (SP),São Paulo (Rod. Tietê) (SP),25/07/2025,EXEC. DD - VAI DIRETO,"R$151,94",,314 km,05:06,2025-07-24 19:49:18
Ribeirão Preto (SP),São Paulo (Rod. Tietê) (SP),25/07/2025,Convencional,"R$122,55",,314 km,05:06,2025-07-24 19:49:18
Ribeirão Preto (SP),São Paulo (Rod. Tietê) (SP),25/07/2025,EXEC. DD,"R$169,99",,314 km,05:06,2025-07-24 19:49:18
Ribeirão Preto (SP),São Paulo (Rod. Tietê) (SP),25/07/2025,CAMA,R$,,314 km,05:06,2025-07-24 19:49:19
Ribeirão Preto (SP),São Paulo (Rod. Tietê) (SP),26/07/2025,Convencional,"R$122,55",,314 km,05:06,2025-07-24 19:49:19
Ribeirão Preto (SP),São Paulo (Rod. Tietê) (SP),26/07/2025,CAMA,R$,,314 km,05:06,2025-07-24 19:49:19
Ribeirão Preto (SP),São Paulo (Rod. Tietê) (SP),26/07/2025,EXEC. DD,"R$169,99",,314 km,05:06,2025-07-24 19:49:19
Ribeirão Preto (SP),São Paulo (Rod. Tietê) (SP),26/07/2025,Convencional,"R$122,55",,314 km,05:06,2025-07-24 19:49:19
Ribeirão Preto (SP),São Paulo (Rod. Tietê) (SP),26/07/2025,Convencional,"R$122,55",,314 km,05:06,2025-07-24 19:49:20
Ribeirão Preto (SP),São Paulo (Rod. Tietê) (SP),26/07/2025,CAMA,"R$218,99",,314 km,05:06,2025-07-24 19:49:20
Ribeirão Preto (SP),São Paulo (Rod. Tietê) (SP),26/07/2025,CONV. DD,"R$165,86",,314 km,05:06,2025-07-24 19:49:20
Ribeirão Preto (SP),São Paulo (Rod. Tietê) (SP),26/07/2025,Convencional,"R$122,55",,314 km,05:06,2025-07-24 19:49:21
Ribeirão Preto (SP),São Paulo (Rod. Tietê) (SP),26/07/2025,CAMA,"R$218,99",,314 km,05:06,2025-07-24 19:49:21
Ribeirão Preto (SP),São Paulo (Rod. Tietê) (SP),26/07/2025,CONV. DD,"R$165,86",,314 km,05:06,2025-07-24 19:49:21
Ribeirão Preto (SP),São Paulo (Rod. Tietê) (SP),26/07/2025,Convencional,"R$122,55",,314 km,05:06,2025-07-24 19:49:21
Ribeirão Preto (SP),São Paulo (Rod. Tietê) (SP),26/07/2025,CONV. DD,"R$165,86",,314 km,05:06,2025-07-24 19:49:22
Ribeirão Preto (SP),São Paulo (Rod. Tietê) (SP),26/07/2025,CAMA,"R$218,99",,314 km,05:06,2025-07-24 19:49:22
Ribeirão Preto (SP),São Paulo (Rod. Tietê) (SP),26/07/2025,Convencional,"R$122,55",,314 km,05:06,2025-07-24 19:49:22
Ribeirão Preto (SP),São Paulo (Rod. Tietê) (SP),26/07/2025,EXEC. DD,"R$169,99",,314 km,05:06,2025-07-24 19:49:22
Ribeirão Preto (SP),São Paulo (Rod. Tietê) (SP),26/07/2025,CONV. DD,"R$165,86",,314 km,05:06,2025-07-24 19:49:22
Ribeirão Preto (SP),São Paulo (Rod. Tietê) (SP),26/07/2025,Convencional,"R$122,55",,314 km,05:06,2025-07-24 19:49:22
Ribeirão Preto (SP),São Paulo (Rod. Tietê) (SP),26/07/2025,CONV. DD - VAI DIRETO,"R$120,64",,314 km,05:06,2025-07-24 19:49:23
Ribeirão Preto (SP),São Paulo (Rod. Tietê) (SP),26/07/2025,CAMA - VAI DIRETO,"R$218,20",,314 km,05:06,2025-07-24 19:49:23
Ribeirão Preto (SP),São Paulo (Rod. Tietê) (SP),26/07/2025,Convencional,"R$122,55",,314 km,05:06,2025-07-24 19:49:23
Ribeirão Preto (SP),São Paulo (Rod. Tietê) (SP),26/07/2025,CONV. DD,"R$165,86",,314 km,05:06,2025-07-24 19:49:23
Ribeirão Preto (SP),São Paulo (Rod. Tietê) (SP),26/07/2025,CAMA,"R$218,99",,314 km,05:06,2025-07-24 19:49:23
Rio de Janeiro (Novo Rio) (RJ),Belo Horizonte - Terminal Rodoviário (MG),24/07/2025,CONVENCIONAL,"R$299,02",,448 km,08:20,2025-07-24 19:49:24
Rio de Janeiro (Novo Rio) (RJ),Belo Horizonte - Terminal Rodoviário (MG),24/07/2025,CAMA,"R$468,68",,448 km,08:20,2025-07-24 19:49:24
Rio de Janeiro (Novo Rio) (RJ),Belo Horizonte - Terminal Rodoviário (MG),24/07/2025,SEMILEITO PREMIUM,"R$308,98",,448 km,08:20,2025-07-24 19:49:24
Rio de Janeiro (Novo Rio) (RJ),Belo Horizonte - Terminal Rodoviário (MG),24/07/2025,EXECUTIVO,"R$299,02",,448 km,08:20,2025-07-24 19:49:25
Rio de Janeiro (Novo Rio) (RJ),Belo Horizonte - Terminal Rodoviário (MG),24/07/2025,CAMA,R$,,448 km,08:20,2025-07-24 19:49:25
Rio de Janeiro (Novo Rio) (RJ),Belo Horizonte - Terminal Rodoviário (MG),24/07/2025,SEMILEITO PREMIUM,"R$308,98",,448 km,08:20,2025-07-24 19:49:25
Rio de Janeiro (Novo Rio) (RJ),Belo Horizonte - Terminal Rodoviário (MG),24/07/2025,CAMA,"R$468,68",,448 km,08:20,2025-07-24 19:49:25
Rio de Janeiro (Novo Rio) (RJ),Belo Horizonte - Terminal Rodoviário (MG),24/07/2025,SEMILEITO PREMIUM,"R$308,98",,448 km,08:20,2025-07-24 19:49:26
Rio de Janeiro (Novo Rio) (RJ),Belo Horizonte - Terminal Rodoviário (MG),25/07/2025,SEMILEITO PREMIUM,"R$243,85",,448 km,08:20,2025-07-24 19:49:26
Rio de Janeiro (Novo Rio) (RJ),Belo Horizonte - Terminal Rodoviário (MG),25/07/2025,CAMA,"R$418,68",,448 km,08:20,2025-07-24 19:49:26
Rio de Janeiro (Novo Rio) (RJ),Belo Horizonte - Terminal Rodoviário (MG),25/07/2025,CONVENCIONAL,"R$233,90",,448 km,08:20,2025-07-24 19:49:27
Rio de Janeiro (Novo Rio) (RJ),Belo Horizonte - Terminal Rodoviário (MG),25/07/2025,CAMA,"R$508,68",,448 km,08:20,2025-07-24 19:49:27
Rio de Janeiro (Novo Rio) (RJ),Belo Horizonte - Terminal Rodoviário (MG),25/07/2025,SEMILEITO PREMIUM,"R$243,85",,448 km,08:20,2025-07-24 19:49:27
Rio de Janeiro (Novo Rio) (RJ),Belo Horizonte - Terminal Rodoviário (MG),25/07/2025,EXECUTIVO,"R$233,90",,448 km,08:20,2025-07-24 19:49:27
Rio de Janeiro (Novo Rio) (RJ),Belo Horizonte - Terminal Rodoviário (MG),25/07/2025,EXECUTIVO,"R$233,90",,448 km,08:20,2025-07-24 19:49:28
Rio de Janeiro (Novo Rio) (RJ),Belo Horizonte - Terminal Rodoviário (MG),25/07/2025,SEMILEITO PREMIUM,"R$243,85",,448 km,08:20,2025-07-24 19:49:28
Rio de Janeiro (Novo Rio) (RJ),Belo Horizonte - Terminal Rodoviário (MG),25/07/2025,CAMA,"R$378,68",,448 km,08:20,2025-07-24 19:49:28
Rio de Janeiro (Novo Rio) (RJ),Belo Horizonte - Terminal Rodoviário (MG),25/07/2025,EXECUTIVO,"R$233,90",,448 km,08:20,2025-07-24 19:49:28
Rio de Janeiro (Novo Rio) (RJ),Belo Horizonte - Terminal Rodoviário (MG),25/07/2025,CAMA,"R$508,68",,448 km,08:20,2025-07-24 19:49:29
Rio de Janeiro (Novo Rio) (RJ),Belo Horizonte - Terminal Rodoviário (MG),25/07/2025,SEMILEITO PREMIUM,"R$243,85",,448 km,08:20,2025-07-24 19:49:29
Rio de Janeiro (Novo Rio) (RJ),Belo Horizonte - Terminal Rodoviário (MG),25/07/2025,CAMA,"R$528,68",,448 km,08:20,2025-07-24 19:49:29
Rio de Janeiro (Novo Rio) (RJ),Belo Horizonte - Terminal Rodoviário (MG),25/07/2025,SEMILEITO PREMIUM,"R$243,85",,448 km,08:20,2025-07-24 19:49:30
Rio de Janeiro (Novo Rio) (RJ),Belo Horizonte - Terminal Rodoviário (MG),26/07/2025,SEMILEITO PREMIUM,"R$209,38",,448 km,08:20,2025-07-24 19:49:30
Rio de Janeiro (Novo Rio) (RJ),Belo Horizonte - Terminal Rodoviário (MG),26/07/2025,CAMA,"R$438,68",,448 km,08:20,2025-07-24 19:49:30
Rio de Janeiro (Novo Rio) (RJ),Belo Horizonte - Terminal Rodoviário (MG),26/07/2025,CAMA,"R$358,68",,448 km,08:20,2025-07-24 19:49:30
Rio de Janeiro (Novo Rio) (RJ),Belo Horizonte - Terminal Rodoviário (MG),26/07/2025,CONV. DD,"R$209,38",,448 km,08:20,2025-07-24 19:49:31
Rio de Janeiro (Novo Rio) (RJ),Belo Horizonte - Terminal Rodoviário (MG),26/07/2025,CAMA,"R$468,68",,448 km,08:20,2025-07-24 19:49:31
Rio de Janeiro (Novo Rio) (RJ),Belo Horizonte - Terminal Rodoviário (MG),26/07/2025,SEMILEITO PREMIUM,"R$269,08",,448 km,08:20,2025-07-24 19:49:31
Rio de Janeiro (Novo Rio) (RJ),Belo Horizonte - Terminal Rodoviário (MG),26/07/2025,CAMA,R$,,448 km,08:20,2025-07-24 19:49:32
Rio de Janeiro (Novo Rio) (RJ),Belo Horizonte - Terminal Rodoviário (MG),26/07/2025,CONV. DD,"R$269,08",,448 km,08:20,2025-07-24 19:49:32
Rio de Janeiro (Novo Rio) (RJ),Belo Horizonte - Terminal Rodoviário (MG),26/07/2025,SEMILEITO PREMIUM,"R$269,08",,448 km,08:20,2025-07-24 19:49:32
Rio de Janeiro (Novo Rio) (RJ),Belo Horizonte - Terminal Rodoviário (MG),26/07/2025,CAMA,"R$468,68",,448 km,08:20,2025-07-24 19:49:32
